{
    "camera_matrix": [
        [
            3174.807265310965,
            0.0,
            678.3222791999589
        ],
        [
            0.0,
            3145.0816812496787,
            626.4675443252312
        ],
        [
            0.0,
            0.0,
            1.0
        ]
    ],
    "distortion_coefficients": [
        [
            547.3119081804502,
            5491.878005055423,
            -0.02392194673216955,
            -0.0044454306424129555,
            -2581.881132644569,
            559.1393213794121,
            5330.2214977607455,
            2574.032598128535,
            0.0,
            0.0,
            0.0,
            0.0,
            0.027717406284518634,
            -0.021300147912588614
        ]
    ],
    "Camera 1": {
        "top_left": [
            64,
            73
        ],
        "bottom_right": [
            1264,
            1273
        ],
        "transform_matrix": [
            [
                -0.6838538243695418,
                -0.3909209204928262,
                -0.6160558260549067,
                -12.085896140574235
            ],
            [
                0.7265830116005157,
                -0.441822835569584,
                -0.5261841020239754,
                -10.322776181839554
            ],
            [
                -0.06649115842483772,
                -0.8074487079005663,
                0.5861787355073785,
                11.499761900675374
            ],
            [
                0.0,
                0.0,
                0.0,
                1.0
            ]
        ]
    },
    "Camera 2": {
        "top_left": [
            78,
            70
        ],
        "bottom_right": [
            1278,
            1270
        ],
        "transform_matrix": [
            [
                -0.912582723699038,
                0.3011902239746985,
                0.27654515253049766,
                5.025339701704398
            ],
            [
                -0.39787952501777857,
                -0.4981964389444192,
                -0.770384444154168,
                -13.999318004160166
            ],
            [
                -0.09425845308338235,
                -0.8130711882763836,
                0.5744828864441109,
                10.439422390088549
            ],
            [
                0.0,
                0.0,
                0.0,
                1.0
            ]
        ]
    },
    "Camera 3": {
        "top_left": [
            46,
            93
        ],
        "bottom_right": [
            1246,
            1293
        ],
        "transform_matrix": [
            [
                0.6366206439697644,
                -0.4227603803157525,
                -0.6449711749425727,
                -12.818397039888108
            ],
            [
                0.7662825043779411,
                0.440860408664982,
                0.46738979830117783,
                9.289078705805982
            ],
            [
                0.08674836687680744,
                -0.7917801215659719,
                0.6046147202452,
                12.016337847895162
            ],
            [
                0.0,
                0.0,
                0.0,
                1.0
            ]
        ]
    },
    "Camera 4": {
        "top_left": [
            83,
            74
        ],
        "bottom_right": [
            1283,
            1274
        ],
        "transform_matrix": [
            [
                -0.487574556913446,
                -0.534198175162127,
                0.6905819003594796,
                12.070035227300677
            ],
            [
                -0.8722943274624825,
                0.3316326851034476,
                -0.359336010508066,
                -6.280498088658755
            ],
            [
                -0.03706288881660799,
                -0.777593770438351,
                -0.6276736974320628,
                -10.970521577978491
            ],
            [
                0.0,
                0.0,
                0.0,
                1.0
            ]
        ]
    },
    "Camera 5": {
        "top_left": [
            79,
            24
        ],
        "bottom_right": [
            1279,
            1224
        ],
        "transform_matrix": [
            [
                0.5987987057255745,
                -0.5055872817002304,
                0.6211454021437723,
                10.545010682322449
            ],
            [
                -0.8006817719585821,
                -0.3959889674650775,
                0.4495569348805631,
                7.632001563991944
            ],
            [
                0.01867645776484141,
                -0.7665339119888392,
                -0.6419322017911583,
                -10.897902329876246
            ],
            [
                0.0,
                0.0,
                0.0,
                1.0
            ]
        ]
    },
    "Camera 6": {
        "top_left": [
            95,
            132
        ],
        "bottom_right": [
            1295,
            1332
        ],
        "transform_matrix": [
            [
                0.9378666341892672,
                0.2668409981872534,
                0.22181536953269362,
                3.6040698998213125
            ],
            [
                -0.33732097011287016,
                0.5512152205226672,
                0.7631358619448174,
                12.399478878780423
            ],
            [
                0.08136792732156445,
                -0.7905426379080243,
                0.6069774279598995,
                9.862206945307285
            ],
            [
                0.0,
                0.0,
                0.0,
                1.0
            ]
        ]
    },
    "Camera 7": {
        "top_left": [
            88,
            69
        ],
        "bottom_right": [
            1288,
            1269
        ],
        "transform_matrix": [
            [
                -0.9642439433846592,
                0.08155683825198692,
                -0.25215491226692616,
                -4.949962759349318
            ],
            [
                0.2536475748960341,
                0.5596992330876871,
                -0.7889231117354946,
                -15.487067009611835
            ],
            [
                0.07678883639802565,
                -0.8246728142817574,
                -0.5603732898606456,
                -11.0004873242681
            ],
            [
                0.0,
                0.0,
                0.0,
                1.0
            ]
        ]
    },
    "Camera 8": {
        "top_left": [
            88,
            131
        ],
        "bottom_right": [
            1288,
            1331
        ],
        "transform_matrix": [
            [
                0.9495365725861162,
                0.15809850022017935,
                -0.270896957438693,
                -4.452911158766044
            ],
            [
                0.3046385649059021,
                -0.6704632230330287,
                0.6765163792046988,
                11.12034392165648
            ],
            [
                -0.0746702222675383,
                -0.7249027043598977,
                -0.6847922510646739,
                -11.256379861307597
            ],
            [
                0.0,
                0.0,
                0.0,
                1.0
            ]
        ]
    }
}